file,loader_mae,status
410.svg,14.3,good
aa.svg,0.4,good
AC.svg,1.3,good
accessible.svg,17.9,good
acid.svg,0.2,good
AD.svg,0.8,good
adobe.svg,0.8,good
AH.svg,0.8,good
AJ_Digital_Camera.svg,18.2,good
alphachannel.svg,0.0,good
android.svg,0.2,good
AS.svg,2.3,good
atom.svg,0.0,good
basura.svg,0.0,good
beacon.svg,0.0,good
betterplace.svg,0.1,good
blocks_game.svg,2.9,good
bloglines.svg,39.2,ok
bozo.svg,0.4,good
bzr.svg,0.0,good
bzrfeed.svg,0.0,good
ca.svg,0.9,good
car.svg,7.6,good
cartman.svg,1.3,good
caution.svg,0.0,good
cc.svg,0.1,good
ch.svg,0.0,good
check.svg,0.0,good
circles1.svg,63.4,diff
clippath.svg,3.5,good
compass.svg,0.1,good
compuserver_msn_Ford_Focus.svg,3.1,good
copyleft.svg,0.1,good
copyright.svg,0.1,good
couch.svg,0.1,good
couchdb.svg,0.6,good
cygwin.svg,0.0,good
debian.svg,0.1,good
decimal.svg,15.4,good
dh.svg,0.1,good
digg.svg,0.1,good
displayWebStats.svg,4.8,good
dojo.svg,2.1,good
dst.svg,0.0,good
duck.svg,1.5,good
duke.svg,2.3,good
dukechain.svg,0.1,good
easypeasy.svg,0.8,good
eee.svg,2.6,good
eff.svg,0.0,good
erlang.svg,4.1,good
evol.svg,0.2,good
facebook.svg,0.0,good
faux-art.svg,0.1,good
fb.svg,0.4,good
feed.svg,0.2,good
feedsync.svg,0.1,good
fsm.svg,0.2,good
gallardo.svg,6.2,good
gaussian1.svg,4.2,good
gaussian2.svg,0.3,good
gaussian3.svg,6.1,good
gcheck.svg,1.5,good
genshi.svg,0.1,good
git.svg,0.3,good
gnome2.svg,0.4,good
google.svg,1.5,good
gpg.svg,0.9,good
gump-bench.svg,0.0,good
heart (1).svg,0.5,good
heart.svg,0.5,good
heliocentric.svg,0.6,good
helloworld.svg,3.1,good
hg0.svg,2.3,good
http.svg,0.7,good
ibm.svg,0.3,good
ie-lock.svg,0.9,good
ielock.svg,0.9,good
ietf.svg,1.7,good
image.svg,0.2,good
instiki.svg,0.6,good
integral.svg,0.7,good
intertwingly.svg,2.4,good
irony.svg,0.2,good
italian-flag.svg,5.4,good
iw.svg,0.0,good
jabber.svg,0.9,good
JC.svg,1.3,good
jquery.svg,0.6,good
json.svg,1.5,good
jsonatom.svg,2.4,good
juanmontoya_lingerie.svg,34.2,ok
KC.svg,1.3,good
KS.svg,1.3,good
legal.svg,0.4,good
lineargradient1.svg,2.3,good
lineargradient2.svg,2.4,good
lineargradient3.svg,0.1,good
lineargradient4.svg,0.1,good
m.svg,1.1,good
mac.svg,0.0,good
mail.svg,7.5,good
mars.svg,0.0,good
masking-path-04-b.svg,8.8,good
mememe.svg,0.2,good
microformat.svg,0.0,good
mono.svg,0.0,good
moonlight.svg,0.0,good
mouseEvents.svg,32.4,ok
mozilla.svg,5.3,good
msft.svg,0.1,good
msie.svg,0.6,good
mt.svg,0.0,good
mudflap.svg,0.8,good
myspace.svg,0.8,good
mysvg.svg,1.9,good
no.svg,0.0,good
ny1.svg,17.2,good
obama.svg,0.1,good
odf.svg,0.0,good
open-clipart.svg,0.2,good
openid.svg,0.2,good
opensearch.svg,0.1,good
openweb.svg,0.5,good
opera.svg,0.9,good
osa.svg,0.0,good
oscon.svg,0.0,good
osi.svg,0.2,good
padlock.svg,0.9,good
patch.svg,1.6,good
paths-data-08-t.svg,13.5,good
paths-data-09-t.svg,13.5,good
pdftk.svg,0.1,good
pencil.svg,0.9,good
penrose-staircase.svg,4.3,good
penrose-tiling.svg,0.0,good
photos.svg,0.0,good
php.svg,2.2,good
poi.svg,0.0,good
preserveAspectRatio.svg,20.1,ok
pservers-grad-03-b.svg,38.3,ok
pull.svg,0.0,good
python.svg,3.1,good
QC.svg,1.3,good
rack.svg,3.7,good
radialgradient1.svg,15.5,good
radialgradient2.svg,0.2,good
rails.svg,0.3,good
raleigh.svg,0.0,good
rdf.svg,0.0,good
rectangles.svg,0.2,good
rest.svg,0.0,good
rfeed.svg,0.3,good
rg1024_eggs.svg,3.9,good
rg1024_green_grapes.svg,0.8,good
rg1024_metal_effect.svg,5.3,good
rg1024_Presentation_with_girl.svg,1.7,good
rg1024_Ufo_in_metalic_style.svg,16.0,good
ruby.svg,4.9,good
rubyforge.svg,0.1,good
scimitar.svg,5.5,good
scion.svg,3.2,good
semweb.svg,0.0,good
shapes-polygon-01-t.svg,4.0,good
shapes-polyline-01-t.svg,4.1,good
smile.svg,5.2,good
snake.svg,0.5,good
star.svg,0.0,good
Steps.svg,33.6,ok
svg.svg,0.1,good
svg2009.svg,3.9,good
svg_header-clean.svg,0.1,good
sync.svg,0.5,good
test_fill_opacity.svg,0.0,good
test_opacity_element.svg,0.0,good
test_radial_gradient.svg,0.0,good
test_stroke_style.svg,25.2,ok
test_style_stroke.svg,28.1,ok
test_usou_gradient.svg,0.0,good
tiger.svg,59.4,diff
tommek_Car.svg,4.0,good
Trajans-Column-lower-animated.svg,1.9,good
twitter.svg,4.0,good
ubuntu.svg,0.0,good
unicode-han.svg,3.6,good
unicode.svg,0.8,good
usaf.svg,1.4,good
USStates.svg,1.1,good
utensils.svg,2.9,good
venus.svg,0.0,good
video1.svg,6.7,good
videos.svg,0.0,good
vmware.svg,0.0,good
vnu.svg,1.4,good
vote.svg,4.9,good
w3c.svg,1.6,good
whatwg.svg,0.1,good
why.svg,0.5,good
wii.svg,0.1,good
wikimedia.svg,0.1,good
wireless.svg,0.0,good
wp.svg,0.0,good
wso2.svg,1.1,good
x11.svg,0.0,good
yadis.svg,0.9,good
yahoo.svg,0.3,good
yinyang.svg,0.1,good
zillow.svg,1.2,good
