file,loader_mae,loader_status,transpiled_mae
circles1.svg,63.4,diff,95.4
tiger.svg,59.4,diff,59.4
bloglines.svg,39.2,ok,42.2
pservers-grad-03-b.svg,38.3,ok,38.3
juanmontoya_lingerie.svg,34.2,ok,34.2
Steps.svg,33.6,ok,43.1
mouseEvents.svg,32.4,ok,32.4
test_style_stroke.svg,28.1,ok,28.1
test_stroke_style.svg,25.2,ok,28.9
preserveAspectRatio.svg,20.1,ok,20.1
AJ_Digital_Camera.svg,18.2,good,18.3
accessible.svg,17.9,good,17.9
ny1.svg,17.2,good,12.8
rg1024_Ufo_in_metalic_style.svg,16.0,good,16.0
radialgradient1.svg,15.5,good,15.5
decimal.svg,15.4,good,15.4
410.svg,14.3,good,14.3
paths-data-09-t.svg,13.5,good,13.5
paths-data-08-t.svg,13.5,good,13.6
masking-path-04-b.svg,8.8,good,8.8
car.svg,7.6,good,7.6
mail.svg,7.5,good,7.5
video1.svg,6.7,good,10.0
gallardo.svg,6.2,good,6.2
gaussian3.svg,6.1,good,8.0
scimitar.svg,5.5,good,5.5
italian-flag.svg,5.4,good,5.4
rg1024_metal_effect.svg,5.3,good,5.3
mozilla.svg,5.3,good,5.3
smile.svg,5.2,good,5.2
ruby.svg,4.9,good,4.9
vote.svg,4.9,good,4.9
displayWebStats.svg,4.8,good,5.2
penrose-staircase.svg,4.3,good,4.3
gaussian1.svg,4.2,good,4.5
shapes-polyline-01-t.svg,4.1,good,4.1
erlang.svg,4.1,good,4.1
twitter.svg,4.0,good,4.0
shapes-polygon-01-t.svg,4.0,good,4.0
tommek_Car.svg,4.0,good,4.0
svg2009.svg,3.9,good,3.8
rg1024_eggs.svg,3.9,good,3.9
rack.svg,3.7,good,3.7
unicode-han.svg,3.6,good,3.6
clippath.svg,3.5,good,6.8
scion.svg,3.2,good,3.2
python.svg,3.1,good,3.1
helloworld.svg,3.1,good,3.8
compuserver_msn_Ford_Focus.svg,3.1,good,3.1
utensils.svg,2.9,good,2.9
blocks_game.svg,2.9,good,2.9
eee.svg,2.6,good,2.6
intertwingly.svg,2.4,good,2.4
jsonatom.svg,2.4,good,2.4
lineargradient2.svg,2.4,good,2.4
lineargradient1.svg,2.3,good,2.3
duke.svg,2.3,good,2.3
hg0.svg,2.3,good,2.3
AS.svg,2.3,good,2.3
php.svg,2.2,good,2.2
dojo.svg,2.1,good,2.1
Trajans-Column-lower-animated.svg,1.9,good,1.9
mysvg.svg,1.9,good,1.9
ietf.svg,1.7,good,1.7
rg1024_Presentation_with_girl.svg,1.7,good,1.7
patch.svg,1.6,good,2.5
w3c.svg,1.6,good,1.6
duck.svg,1.5,good,1.5
google.svg,1.5,good,1.5
json.svg,1.5,good,1.5
gcheck.svg,1.5,good,1.5
vnu.svg,1.4,good,5.5
usaf.svg,1.4,good,1.4
QC.svg,1.3,good,1.3
KC.svg,1.3,good,1.3
AC.svg,1.3,good,1.3
KS.svg,1.3,good,1.3
JC.svg,1.3,good,1.3
cartman.svg,1.3,good,1.3
zillow.svg,1.2,good,1.2
USStates.svg,1.1,good,1.6
wso2.svg,1.1,good,1.1
m.svg,1.1,good,1.1
ca.svg,0.9,good,0.9
yadis.svg,0.9,good,0.9
gpg.svg,0.9,good,0.9
pencil.svg,0.9,good,0.9
jabber.svg,0.9,good,0.9
ielock.svg,0.9,good,0.9
opera.svg,0.9,good,0.9
padlock.svg,0.9,good,0.9
ie-lock.svg,0.9,good,0.9
mudflap.svg,0.8,good,0.8
AH.svg,0.8,good,0.8
myspace.svg,0.8,good,0.8
unicode.svg,0.8,good,0.8
rg1024_green_grapes.svg,0.8,good,0.7
AD.svg,0.8,good,0.8
easypeasy.svg,0.8,good,0.8
adobe.svg,0.8,good,0.8
integral.svg,0.7,good,0.7
http.svg,0.7,good,0.7
jquery.svg,0.6,good,0.6
msie.svg,0.6,good,0.6
heliocentric.svg,0.6,good,0.6
couchdb.svg,0.6,good,0.6
instiki.svg,0.6,good,0.6
sync.svg,0.5,good,0.5
snake.svg,0.5,good,2.0
openweb.svg,0.5,good,0.5
heart (1).svg,0.5,good,0.5
heart.svg,0.5,good,0.5
why.svg,0.5,good,0.5
fb.svg,0.4,good,0.4
legal.svg,0.4,good,0.4
aa.svg,0.4,good,0.4
gnome2.svg,0.4,good,0.4
bozo.svg,0.4,good,0.4
ibm.svg,0.3,good,0.3
git.svg,0.3,good,0.3
gaussian2.svg,0.3,good,1.6
yahoo.svg,0.3,good,0.3
rails.svg,0.3,good,0.3
rfeed.svg,0.3,good,0.3
radialgradient2.svg,0.2,good,0.3
fsm.svg,0.2,good,0.2
image.svg,0.2,good,0.2
android.svg,0.2,good,0.2
acid.svg,0.2,good,0.2
open-clipart.svg,0.2,good,0.2
feed.svg,0.2,good,0.2
rectangles.svg,0.2,good,0.2
irony.svg,0.2,good,0.2
mememe.svg,0.2,good,0.2
openid.svg,0.2,good,0.2
osi.svg,0.2,good,0.2
evol.svg,0.2,good,0.2
digg.svg,0.1,good,0.1
betterplace.svg,0.1,good,0.1
faux-art.svg,0.1,good,0.4
svg_header-clean.svg,0.1,good,2.3
opensearch.svg,0.1,good,0.1
lineargradient4.svg,0.1,good,0.1
dukechain.svg,0.1,good,0.1
whatwg.svg,0.1,good,0.1
wikimedia.svg,0.1,good,0.1
lineargradient3.svg,0.1,good,0.1
genshi.svg,0.1,good,0.1
obama.svg,0.1,good,0.1
feedsync.svg,0.1,good,0.1
rubyforge.svg,0.1,good,0.1
svg.svg,0.1,good,0.1
compass.svg,0.1,good,0.1
couch.svg,0.1,good,0.1
copyright.svg,0.1,good,0.1
copyleft.svg,0.1,good,0.1
msft.svg,0.1,good,0.1
dh.svg,0.1,good,0.1
pdftk.svg,0.1,good,0.1
wii.svg,0.1,good,0.1
debian.svg,0.1,good,0.1
yinyang.svg,0.1,good,0.1
cc.svg,0.1,good,0.1
poi.svg,0.0,good,0.0
wireless.svg,0.0,good,0.0
cygwin.svg,0.0,good,0.0
pull.svg,0.0,good,0.0
osa.svg,0.0,good,0.0
mac.svg,0.0,good,0.0
check.svg,0.0,good,0.0
odf.svg,0.0,good,0.0
semweb.svg,0.0,good,0.0
mt.svg,0.0,good,0.0
moonlight.svg,0.0,good,0.0
rdf.svg,0.0,good,0.0
ubuntu.svg,0.0,good,0.0
caution.svg,0.0,good,0.0
atom.svg,0.0,good,0.0
bzrfeed.svg,0.0,good,0.0
mono.svg,0.0,good,0.0
test_usou_gradient.svg,0.0,good,0.0
no.svg,0.0,good,0.0
vmware.svg,0.0,good,0.0
basura.svg,0.0,good,0.0
test_radial_gradient.svg,0.0,good,0.0
rest.svg,0.0,good,0.0
facebook.svg,0.0,good,0.0
bzr.svg,0.0,good,0.0
wp.svg,0.0,good,0.0
microformat.svg,0.0,good,0.0
gump-bench.svg,0.0,good,0.0
dst.svg,0.0,good,0.0
alphachannel.svg,0.0,good,0.0
penrose-tiling.svg,0.0,good,0.0
venus.svg,0.0,good,0.0
eff.svg,0.0,good,0.0
beacon.svg,0.0,good,0.0
ch.svg,0.0,good,0.0
iw.svg,0.0,good,0.0
mars.svg,0.0,good,0.0
oscon.svg,0.0,good,0.0
photos.svg,0.0,good,85.0
raleigh.svg,0.0,good,0.0
star.svg,0.0,good,0.0
test_fill_opacity.svg,0.0,good,0.0
test_opacity_element.svg,0.0,good,0.0
videos.svg,0.0,good,85.0
x11.svg,0.0,good,0.0
